{
    "Order N": 15,
    "ak coefficients": [
        0.782160095629033,
        0.014383766711652755,
        -0.33522468976360265,
        -0.06285668405281572,
        -0.009606115411706901,
        0.003872718769567424,
        -0.0028759968713616027,
        0.0021702528701506864,
        -0.0016888557098030245,
        0.0013486000802365211,
        -0.0011003454239260067,
        0.0009141431895212707,
        -0.0007711259804082515,
        0.0006590098376693996,
        -0.0005695507305112193,
        0.0004970630677431205
    ],
    "bk coefficients": [
        0.0,
        0.0,
        0.0,
        0.0,
        0.0,
        0.0,
        0.0,
        0.0,
        0.0,
        0.0,
        0.0,
        0.0,
        0.0,
        0.0,
        0.0
    ],
    "Maximum relative error": 23.455770035551666
}